CUST_ID,GENDER,BALANCE,PURCHASES,CREDIT_LIMIT,PAYMENTS,PRC_FULL_PAYMENT
1,M,41.02560229,104.94,1000,183.3619597,0
2,M,2298.240072,850.487,7500,603.8650161,0
3,M,1708.570753,1648.9,7500,0,0
4,M,1808.851927,1466.608,1800,1274.574971,0
5,M,598.969225,7800.111,13500,6358.267065,1
6,M,1811.400157,479.82,2300,735.8254967,0
7,F,1078.782491,947.639,7000,713.5486004,0
8,M,159.4464198,1409.76,11000,1124.149307,0
9,M,1243.525767,1012.132,1200,1052.423555,0
10,F,633.4028492,1641.398,2000,751.0339966,0
11,M,1509.363806,3539.789,3000,575.656913,0.25
12,F,912.4743406,2351.723,7500,1594.414377,0.083333
13,M,6438.505171,1772.87,8000,1879.292234,0
14,F,41.39862898,570.9,2500,262.4870901,0.25
15,F,2070.741505,554.785,13000,1804.999898,0
16,M,3479.864378,438.504,4000,996.4703834,0
17,M,1875.639688,194.348,2000,224.2647727,0
18,F,6227.893023,6995.945,11250,2098.553868,0
19,F,125.5214654,897.49,1800,2530.83444,0
20,M,3475.119988,4673.185,9000,8706.009165,0
21,F,160.2626559,439.56,3000,217.9832307,0
22,M,1471.896033,112.2,1700,973.8898089,0
23,F,133.0738894,256.608,1000,206.3038016,0
24,M,7591.699811,425.755,10500,1519.566882,0
25,M,20.37312137,110,6900,151.3408123,0
26,F,13103.67549,3341.811,13000,3891.190406,0
27,M,1248.672344,1482.481,6000,631.7001321,0
28,F,6147.640372,357.445,10500,1565.385936,0
29,M,133.6352118,700.469,1200,383.2145445,0.3
30,F,3571.825468,602.008,11000,8867.737883,0
31,M,4322.164306,2618.605,5000,1520.581754,0
32,F,6339.697,224.4,9000,1285.570599,0
33,F,1419.9021,1059.564,7500,21263.94728,0.333333
34,M,853.5630269,1679.249,3000,1328.358343,0.111111
35,M,4056.038404,224.202,4500,906.4707712,0
36,F,4982.107784,1677.984,8500,1440.351391,0
37,F,2290.356733,480.7,2400,0,0
38,M,516.8949244,120.714,1700,188.2778894,0
39,M,247.4098963,2629.66,3300,2488.004501,0.916667
40,M,878.8414137,558.25,4000,627.6769427,0.083333
41,F,4652.916164,991.562,12000,7313.23207,0
42,F,1142.390484,3418.635,2500,1488.409437,0
43,M,458.3511996,2177.142,3000,3283.391481,0.2
44,M,6.572519336,341,1000,396.1603538,0
45,F,1335.627559,1412.29,6000,0,0
46,M,3310.139198,344.597,4000,0,0
47,F,2296.027738,5739.382,7500,6006.333663,0.083333
48,F,5432.004945,251.9,6000,2076.211606,0
49,M,1835.249638,124.3,6500,3311.380496,0
50,M,1511.382953,72.82,1600,371.4810037,0
51,F,7.034492427,924,1600,0,0
52,F,1884.236879,2076.404,1850,3704.00677,0.083333
53,F,1703.221932,453.563,1800,707.9462683,0
54,F,4320.178643,289.85,6000,6299.335949,0.083333
55,F,1668.07663,1500.059,1700,1578.49384,0
56,F,5126.763653,461.01,6250,1376.48037,0
57,F,3194.777783,4975.597,7000,28302.17671,0.454545
58,F,1980.343094,785.29,2250,848.2801826,0
59,M,543.4634967,871.134,6000,1255.729176,0
60,F,6376.231697,618.057,6000,2037.132853,0
61,F,1665.096278,666.721,11000,3092.037445,0
62,F,583.8711661,352,1500,1374.405781,0
63,F,6406.12689,427.526,7000,1486.772976,0
64,F,15.62184077,269.335,5000,376.7342322,0.181818
65,M,4.158337416,146.355,12000,209.8188781,0.444444
66,M,42.17334948,435.6,1200,791.2269123,1
67,F,1922.606118,5407.16,9000,4871.540904,0
68,M,135.7993608,1372.58,16500,1240.420167,1
69,M,6988.486905,1764.158,11000,4873.84664,0
70,M,7584.903291,2483.811,13500,3138.033846,0
71,M,8680.039296,5610.077,9000,6096.953311,0
72,F,1919.515062,1135.244,4000,3072.843448,0.090909
73,F,1239.564569,446.16,2400,0,0
74,M,2179.874806,234.674,2400,0,0
75,M,1687.824666,813.384,6000,410.9967493,0
76,M,4.290720258,86.9,7000,215.041342,1
77,F,24.85942173,1480.908,2000,696.7439943,0
78,M,3578.609232,3106.18,5700,8873.351372,0.083333
79,F,0.59611744,428.956,4500,0,0
80,F,2508.176544,888.8,4000,545.0743188,0
81,F,434.8707333,1035.804,2500,1054.587676,0.083333
82,F,1165.441534,466.07,2000,607.4725358,0
83,M,6134.314048,4926.625,9000,11387.62206,0.083333
84,F,159.6989797,1490.346,5500,773.1910922,0
85,F,5164.761688,3093.42,8500,1575.63707,0
86,M,161.6602686,1659.79,5000,2010.156989,1
87,F,738.9488319,1150.127,3000,555.6981142,0
88,F,225.4832044,2540.758,6500,1131.443607,0.333333
89,F,59.61154346,544.5,7000,1773.38539,1
90,M,8200.422726,7396.686,17000,1905.570475,0
91,M,1486.975147,1291.829,9000,0,0
92,M,1934.132931,6138.935,8500,3745.471164,0
93,F,2449.545147,13708.684,2800,12230.32232,0
94,M,4663.603843,2153.03,5000,984.4928084,0
95,M,12084.36988,165.704,17000,2579.448949,0
96,F,107.6166977,997.7,5000,0,0
97,M,4514.021283,1398.232,5000,1723.672544,0
98,M,22.37897184,275.66,3000,293.5487892,0
99,F,10188.28442,875.963,13000,10044.56181,0.083333
100,M,224.382272,484,4000,519.7266357,0
101,M,1602.961197,1463.682,2000,1044.621631,0
102,F,2742.952288,6040.969,17000,930.9206217,0
103,F,765.3230889,987.646,1200,896.4306955,0
104,F,18810.69706,24210.912,18000,23478.4902,0
105,M,2158.7641,792.66,2500,1026.660116,0
106,M,870.7993501,216.766,1000,499.7257418,0
107,M,11503.51083,2292.928,21500,3022.812369,0
108,M,2257.745941,6357.296,6500,4604.203791,0
109,F,3138.917853,1127.5,7500,629.50543,0
110,F,19.04888104,758.67,10000,707.0130358,0
111,M,1014.112703,1039.456,1500,1818.87103,0
112,F,918.7252443,1143.12,13500,1954.462489,0.083333
113,F,6947.606118,4465.923,7000,3359.765215,0
114,M,1600.047448,4482.907,6500,2193.792874,0
115,F,50.09945815,957.264,8000,786.7329831,1
116,M,12342.59836,10771.453,20000,12796.52871,0
117,F,113.066815,2709.432,4000,2502.308306,0.636364
118,F,109.4105202,2045.274,20000,3001.451097,0.25
119,F,5673.413558,3837.339,7900,0,0
120,F,2644.74336,8011.641,11000,14755.70059,0.25
121,F,1140.205181,324.5,1200,464.6513936,0
122,F,887.4313056,713.042,1200,1036.990069,0
123,M,1458.424752,612.909,4000,438.4297382,0
124,F,117.849514,516.978,1000,384.5595498,0.5
125,F,803.8161057,144.804,8000,2994.076528,0
126,M,649.16659,5585.954,15000,4883.920833,0.916667
127,F,1020.92574,1017.06,1000,1200.241906,0
128,M,377.83287,2172.94,4000,1646.524785,0
129,M,1016.274659,11243.485,10500,9672.849823,0.75
130,F,22.61459877,330,12500,284.0726901,0.181818
131,M,11108.28594,6286.5,14000,4608.352934,0
132,F,2050.291369,843.271,2300,0,0
133,F,365.0563882,3889.38,20000,2920.684324,1
134,F,37.73857458,281.721,5300,881.8407298,0.166667
135,F,955.1964534,2967.228,2500,1744.755371,0
136,M,2618.277491,128.7,4500,17561.04049,0.166667
137,M,5.266013181,216.491,12000,0,0
138,F,108.4101178,719.103,10000,461.174246,0
139,M,174.7265324,2209.955,1200,2585.196257,0.142857
140,M,1587.961727,162.558,6000,1126.588597,0
141,M,820.5111735,568.194,900,593.7588825,0
142,M,881.1137904,1066.516,2400,0,0
143,F,1019.49733,342.595,1500,274.4881422,0
144,M,35.68065488,308.44,6150,232.4641249,0.090909
145,M,173.5094397,72.754,6000,0,0
146,M,39.03437767,87.12,4000,1780.73209,0.083333
147,F,5300.551687,1598.652,16500,1373.384808,0
148,F,4238.712608,832.194,4000,1159.334162,0
149,M,5560.955607,3858.085,11500,1536.863532,0
150,M,294.1307995,3480.059,8000,2290.362793,0.888889
151,M,135.4893049,1477.509,15000,1143.07125,0.545455
152,M,2144.702699,960.3,8000,562.269057,0
153,M,45.69219007,407,23000,1141.058431,0
154,F,548.2928438,446.325,2000,1340.318068,0
155,F,22.96257289,287.804,4000,356.4623973,0.818182
156,F,8663.769856,2188.208,14000,4717.300362,0
157,F,4536.073387,11933.35,7500,9879.416176,0
158,F,1694.437609,709.852,1800,2801.449645,0
159,F,7841.819001,1085.81,10500,1838.680502,0
160,F,6641.089153,1610.554,11500,1605.88598,0
161,F,64.89421225,1019.7,5000,1240.765027,0.222222
162,F,5316.593936,432.982,10000,1928.590716,0
163,F,3692.680295,1062.05,7500,979.6289953,0
164,F,837.7146029,370.051,6000,1033.903398,0
165,M,70.76279452,594,4000,540.208836,0
166,M,1109.133837,966.372,1500,577.3330656,0
167,F,7.164376846,158.686,11500,122.6998243,0.111111
168,F,2228.435955,543.235,2000,2882.06777,0
169,M,2256.166548,4939.759,8500,5252.897369,0
170,F,9138.835444,12307.482,10000,13097.79462,0
171,M,3125.380495,2012.12,7000,1010.038299,0
172,M,37.7241488,83.589,2700,76.00969831,0
173,F,5514.629849,2006.576,14500,1383.370679,0
174,F,6382.867006,10257.742,8500,10197.38384,0
175,F,27.84108415,110,4000,131.2818332,0
176,F,4551.038484,1575.079,4000,2165.10688,0
177,M,2754.380225,2486.451,8500,2265.561152,0
178,F,2535.947134,11451.539,19500,10122.22766,0.363636
179,F,1115.557542,1089.77,1400,551.0182749,0
180,F,295.2311068,3338.412,2900,3044.459114,0.083333
181,M,1274.866623,1142.691,5700,1255.778673,0
182,M,2506.880516,2906.178,3000,1906.534044,0
183,F,3765.944298,1308.472,8000,0,0
184,F,7421.501877,330,12000,2121.023508,0
185,M,3644.961709,139.359,10500,2605.053956,0
186,M,49.26316229,271.799,5500,408.5181111,0
187,F,1778.600497,331.21,1950,565.6941888,0
188,F,3404.756336,1223.42,7200,0,0
189,F,236.3361318,2651.077,4000,3891.169544,1
190,F,1260.484801,5885.209,8000,5822.578741,0.166667
191,F,530.3161358,693.033,5500,433.9736173,0
192,M,2735.254089,3516.964,3000,3641.307486,0
193,M,7.323881018,146.3,3000,125.9486857,0.181818
194,M,452.4012023,1810.776,12000,1154.516611,0
195,M,6.379546453,87.626,1500,74.64938645,0
196,M,10539.77167,351.912,12000,11058.53017,0
197,F,7795.883355,4045.272,12500,2569.564923,0
198,M,2222.889605,1145.793,4000,3151.943309,0
199,M,1069.842626,743.556,1000,1872.536561,0.083333
200,M,21.41926126,212.454,2000,241.5428503,0.25
201,F,183.9674722,1873.553,11500,1382.544675,1
202,F,24.14411147,257.576,1500,443.7354741,0.5
203,F,1070.831579,1454.937,11000,724.9586018,0
204,M,5229.651313,1768.668,13500,1561.258496,0
205,F,2207.300214,3501.3,9000,3948.832732,0
206,M,3146.426727,3315.653,4500,1277.34857,0
207,F,2112.554281,8055.718,3000,4112.057928,0.083333
208,M,7825.495216,9386.894,10000,4912.896339,0
209,M,596.5732762,449.823,9000,2112.736456,0
210,F,8387.236869,4399.912,7500,5126.354506,0
211,F,1158.403343,3278.506,6000,1149.542409,0
212,M,2980.594554,616.803,7500,736.431778,0
213,F,84.78652295,626.89,9500,683.8206081,0.083333
214,F,2364.69813,6805.447,10950,10532.99601,0.083333
215,F,484.4498954,5005.891,8500,4068.949185,0.916667
216,M,3519.074926,165.88,7500,909.9549359,0
217,M,166.8806023,1523.61,14000,1346.041427,0.833333
218,M,4818.852215,35793.758,11500,25567.31804,0.083333
219,M,5727.126485,451.264,16500,12426.14544,0.083333
220,F,1922.327335,139.227,2100,449.4339276,0
221,M,29.19325302,418.979,5700,0,0
222,F,1592.343683,455.4,10500,5914.801247,0.5
223,F,1422.974131,2211,8500,808.93192,0
224,M,6936.068731,5162.465,13500,5053.313896,0
225,F,1187.468305,548.856,1000,802.4878928,0
226,F,658.7914837,246.62,9500,569.0244747,0
227,F,2357.664907,3142.227,2500,3069.185323,0
228,M,2672.106083,450.593,5000,562.2977716,0
229,M,85.76440969,927.674,6500,1065.322618,0.5
230,M,299.585094,2460.139,10000,2047.668319,1
231,M,6020.365953,510.961,6000,1576.038276,0
232,F,3811.313448,1956.9,5000,798.0245268,0
233,M,44.18494074,501.996,6000,387.8364328,0.333333
234,M,580.6922572,6334.581,2900,7968.787681,1
235,M,1371.780225,270.578,6000,2058.170789,0
236,F,2618.586429,807.29,3000,1550.002617,0
237,M,210.2690326,1805.177,500,1594.346498,0.636364
238,M,3667.234952,742.203,4000,1250.71648,0
239,F,2923.142165,2972.717,11000,7809.411499,0.083333
240,M,374.3194386,1737.065,2700,487.714145,0
241,F,212.8664426,2377.518,4500,2038.44609,1
242,M,180.842473,1630.409,6000,1383.123102,0.666667
243,M,135.8118939,1590.655,3500,1339.867928,0.833333
244,F,545.6161331,436.766,2100,0,0
245,M,49.1863879,547.987,15000,612.7243991,0.909091
246,M,1406.02912,2210.032,2500,2529.88182,0
247,M,499.1498677,5894.922,6000,0,0
248,M,1042.095953,138.82,1950,286.7438579,0
249,M,39.71942156,247.5,1500,340.4609777,0.166667
250,M,0.452443476,808.467,6000,1204.395153,0
251,M,8444.950954,962.478,12500,2018.407192,0
252,F,2254.822244,489.72,8000,987.8365027,0
253,M,59.55930157,758.274,1500,439.853381,0.333333
254,F,4504.538636,2207.557,21000,20580.19499,0.1
255,M,2636.514,745.8,2500,1879.501907,0
256,M,354.2841906,3394.259,8500,2608.952917,1
257,M,101.3625393,1188,6000,1120.31941,1
258,F,705.1713798,2993.276,6500,5338.807939,0.083333
259,M,347.3021691,3405.556,14000,3858.12462,0.583333
260,M,2734.682395,78.177,9500,9105.85503,0
261,F,91.06304652,71.5,1200,710.5755415,0
262,M,455.5586,5265.271,9000,3830.864984,1
263,F,16.36443216,191.862,2500,373.5358435,0.75
264,F,3051.68663,267.168,13500,5930.464664,0.090909
265,M,921.0489192,238.634,3200,211.1880086,0
266,F,1045.75597,2470.93,6000,31539.98435,0.8
267,F,1361.190108,397.903,1500,520.9412823,0
268,F,76.74771751,363,1800,315.3891057,0
269,M,246.6649215,3139.521,9500,2323.205248,1
270,M,15.63088952,429,2000,328.6084425,0
271,M,1926.577893,464.398,5500,3031.595592,0
272,M,1039.349871,1106.072,3000,1735.589962,0
273,M,3318.0184,2346.223,11000,8823.856716,0
274,M,22.13803225,313.192,5000,319.212641,0.8
275,M,1579.089875,3568.576,11500,6021.707721,0
276,M,8404.8614,2739.187,9500,3582.495032,0
277,F,33.93040964,1208.141,4800,0,0
278,F,44.94657676,699.765,8500,916.1121363,0.181818
279,F,1953.667447,3320.823,5000,3890.094898,0.166667
280,M,91.63032751,1345.267,19500,1035.408876,1
281,F,5111.987845,121.198,6000,1829.687636,0
282,M,589.1169968,1082.147,2400,427.9352757,0
283,F,76.91372912,465.564,11000,291.278798,0
284,M,1948.11487,6687.45,7300,19954.1828,0.416667
285,M,744.2441683,483.318,1200,226.9875543,0
286,F,1343.366915,1327.975,1200,1213.663244,0
287,M,242.4978443,285.043,2300,2669.132811,0.25
288,M,5407.071213,1790.459,5500,2534.244762,0
289,F,395.0994349,6324.956,12000,5611.459059,0.833333
290,M,8574.132741,1640.034,9000,2031.684414,0
291,M,1024.528216,5575.768,4500,4086.953175,0.083333
292,F,2230.811737,1174.008,2000,1968.651303,0
293,F,8.392468395,70.532,7000,189.4575515,0
294,F,10925.77749,7541.149,18500,4505.165564,0
295,M,140.2692925,1794.1,2500,2592.145591,1
296,F,256.5041714,199.001,1400,751.0404409,0
297,F,12260.59649,150.568,14000,3806.324674,0
298,F,1077.417365,377.531,1500,974.6325539,0
299,M,458.0713683,6278.998,4000,5755.122355,1
300,M,73.02452505,769.032,2500,655.2903218,0.583333
301,M,510.9194122,269.929,4000,337.6469342,0
302,F,647.0902891,107.8,4000,206.9175921,0
303,M,1385.071255,943.096,6550,3142.101816,0.083333
304,M,1473.116591,3021.832,5000,4821.241934,0.1
305,F,11447.14028,12262.063,11000,7614.937442,0
306,F,203.5552647,660,1000,254.605592,0
307,F,4302.444687,280.632,8500,1657.369235,0
308,M,990.0699816,1343.683,1200,1502.196389,0.25
309,F,2144.41813,858.704,3500,719.8438479,0
310,F,407.6306201,1685.31,5000,1926.00025,0
311,F,1979.888862,856.163,2000,1292.342238,0
312,F,3496.062222,1060.466,6000,612.679193,0
313,F,130.3643014,1833.843,13000,1732.055679,0.25
314,M,3005.396917,1197.713,9000,6208.257774,0
315,F,155.7069977,713.504,2500,0,0
316,M,154.8095429,2087.712,13500,6101.029499,1
317,F,59.32538273,1389.619,9500,1416.452522,0.4
318,F,17.33140092,220,1200,0,0
319,F,4664.825384,374,6000,2233.172195,0
320,F,307.0340824,1405.338,7000,548.7003265,0
321,M,688.4425768,4528.964,6000,4823.661589,0
322,F,10080.50172,248.853,15000,1969.704119,0
323,F,6195.043183,4367.88,7500,3615.101859,0
324,M,128.617463,1481.59,8000,1481.107765,0.333333
325,M,1401.642414,1155.913,5000,4788.020816,0
326,F,497.7639809,1501.489,2000,1865.599379,0.2
327,M,6060.440992,8308.828,13500,4947.776823,0
328,F,1763.538542,627.176,9000,6229.780154,0
329,F,3825.750867,622.908,4000,1343.86055,0
330,F,6155.509243,151.074,10000,1693.119858,0
331,F,4440.889626,366.102,5000,6165.227275,0
332,M,537.0246643,1515.492,2500,178.3974922,0
333,F,7188.399505,396.77,8000,5352.480707,0
334,F,4041.657568,244.904,4500,984.8940064,0
335,F,4063.867172,1798.214,13000,1147.227307,0
336,F,4720.448252,835.065,6000,1042.916231,0
337,M,39.26298078,267.696,1800,502.8036409,0.25
338,M,617.2844527,570.9,4500,600.882234,0
339,M,3321.277269,3361.457,4500,2314.420534,0
340,F,5563.471835,2717.44,9500,3169.087469,0
341,M,581.1801126,1838.76,1800,1025.69885,0
342,M,48.84871385,993.696,15000,485.0355153,0
343,M,23.13921473,252.45,3150,400.110727,0.714286
344,M,1457.455094,1623.809,2500,1631.655758,0
345,F,5278.3465,2757.579,8500,1161.671451,0
346,M,4699.128519,2827,4500,3326.202708,0
347,F,10265.12003,262.174,15000,1091.772215,0
348,M,1282.669651,1476.596,4000,300.4064685,0
349,M,89.47919354,864.952,7500,967.1808614,0.666667
350,F,113.010847,1595.748,6000,1739.397411,0.454545
351,M,430.4341482,1363.406,1500,393.1193364,0
352,M,1725.78979,106.425,1800,439.2378762,0
353,F,1509.774391,4516.765,12000,8814.759455,0.5
354,M,641.4420896,2224.618,6000,950.2343943,0
355,F,236.4172502,4019.488,2500,3241.847553,0.333333
356,F,1040.342026,972.103,3000,657.8507042,0
357,M,833.9101982,875.094,1700,1939.509374,0
358,M,2099.192716,1520.827,2400,1459.380806,0
359,M,50.97710566,622.05,8500,2614.020865,0.25
360,F,5903.520544,4909.146,11800,1693.473625,0
361,M,208.4228013,1899.337,6000,4924.765832,0
362,F,5323.158637,238.7,9000,10785.63643,0.166667
363,M,2510.881562,1923.603,6500,2488.692673,0
364,M,1026.470698,56.078,1200,296.5066591,0
365,F,3368.959282,415.844,11300,4334.97138,0
366,M,4342.923048,1631.432,5000,1381.251862,0
367,F,165.8003705,7048.437,14500,3495.936977,0.3
368,M,902.1610544,77,8500,532.7153748,0
369,M,43.57383657,494.956,7000,1018.745018,0.6
370,F,412.6383098,3690.863,6500,2231.017979,0.363636
371,M,260.9529157,3542.099,15000,765.4914712,1
372,F,220.3402299,7214.405,7000,5371.627456,0.916667
373,F,303.3762589,4735.555,9500,4310.059296,0.666667
374,F,7466.627431,288.31,13000,1611.680163,0
375,M,141.4075451,1789.513,13000,2081.403346,0.571429
376,F,4074.049965,3874.827,6000,1128.179812,0
377,F,874.8761912,9013.455,6000,7157.571383,0.583333
378,F,934.2428507,1765.28,4500,204.7420707,0.083333
379,M,3651.94512,780.89,7000,826.0788485,0
380,M,12995.0446,191.4,14000,3443.13237,0
381,F,134.4075336,1004.3,7500,1754.511764,1
382,M,2429.721355,667.282,2750,1098.305059,0
383,M,1236.374923,1591.711,2400,668.1571886,0
384,M,12963.64378,45155.44,17000,34252.29825,0.083333
385,F,84.62298397,799.997,20000,898.2464467,0.916667
386,F,810.4428332,2056.868,4000,905.713107,0
387,M,140.0999972,201.234,5000,1522.87151,0.3
388,F,50.14543144,417.208,2500,678.5104256,1
389,F,1475.72682,962.434,1500,645.2258658,0
390,M,2862.679285,29042.629,16500,24350.82742,1
391,F,5284.797515,1927.365,10300,1440.594904,0
392,F,34.02226341,440.451,4500,376.6154727,0.666667
393,F,2579.842578,15148.793,14500,16908.21869,0.25
394,F,3365.444335,1289.948,9500,4372.462916,0
395,F,4703.251287,1818.96,5000,3138.663618,0
396,M,1255.681241,4662.669,10500,3198.6474,0.083333
397,F,96.13506568,998.107,10000,844.9742508,1
398,F,42.22560912,626.274,16500,685.2408109,1
399,F,1990.043421,336.358,1500,556.8863024,0
400,M,14594.5037,582.23,19000,2196.383981,0
401,F,4250.462285,2201.309,4500,3083.192146,0
402,M,275.9901516,1122.517,6500,1097.922901,0
403,F,4567.819694,5229.752,9500,1895.615574,0
404,M,4866.309136,365.145,8000,4654.938191,0
405,F,3813.506481,1639,12500,589.4935548,0
406,M,78.74848186,614.108,8000,583.5608511,0.333333
407,F,1349.657657,1625.184,1500,560.7519402,0
408,M,202.6912392,1156.21,3000,1231.214376,0.375
409,F,2243.796832,2466.486,2850,1880.193873,0
410,M,1028.365579,197.164,4000,229.6896594,0
411,F,2395.343092,1069.915,5500,788.0023498,0
412,F,3130.13726,5082.374,7500,6612.511858,0.083333
413,M,73.13690312,1126.18,20000,5839.853775,0
414,M,3617.740532,6978.73,12000,3056.49724,0.083333
415,M,7595.450365,1704.571,17500,1846.162348,0
416,F,71.49954463,807.521,5000,1520.026345,0.5
417,M,5202.534918,2501.631,5000,4720.247404,0
418,M,2330.583793,1799.259,3000,1434.939137,0
419,M,59.20840939,689.733,6000,1650.575449,1
420,M,1236.993858,61.05,3000,3317.447299,0
421,F,76.31184281,304.7,8500,836.8720516,0.333333
422,M,987.8996214,8227.945,15000,7501.735494,0.888889
423,M,5669.220005,4331.349,9500,1279.639336,0
424,M,539.1131324,6930.44,16500,4873.475572,1
425,F,281.9522748,2042.304,1800,1741.388622,0
426,F,460.2027113,5416.851,10500,3299.702213,1
427,F,932.5328298,1438.921,1500,259.2146411,0
428,F,11468.44808,53943.527,22500,46341.53315,0.25
429,M,9880.595524,5065.192,9000,3800.503834,0
430,F,9100.669574,250.58,9500,6717.061415,0
431,F,1396.533964,2560.239,6000,2184.108614,0
432,M,1625.457336,1318.9,6750,12417.67208,0.111111
433,F,181.1699389,1292.236,4500,1248.988089,0
434,F,4984.249319,515.9,7000,2485.53736,0
435,F,167.8772685,146.729,2500,183.6054778,0
436,M,1218.252529,11770.693,6000,9682.692342,0.818182
437,M,1237.531791,12445.147,6000,10315.86541,0.833333
438,M,4213.116201,3877.907,15000,14011.14517,0.25
439,F,27.45917546,284.614,12000,535.6962027,1
440,M,3479.926958,2693.46,1700,209.8992684,0
441,F,22.57728564,323.389,12500,278.3624182,0.333333
442,M,10128.44652,779.9,10500,2356.983613,0
443,M,2243.442926,1790.877,5000,595.8684616,0
444,M,12.66310739,181.5,15000,0,0
445,M,3670.753388,12849.804,10500,7402.273591,0
446,F,982.1459936,108.867,2500,3353.93735,0
447,F,8256.707825,1256.365,9000,2092.791487,0
448,F,1904.017516,1643.95,8500,2022.142265,0
449,M,236.9794026,710.864,10000,566.4567854,0
450,F,316.8488098,3969.768,15000,2418.789455,1
451,M,2831.610646,13711.731,13000,9290.657774,0
452,F,15985.8357,8606.114,19000,10686.29096,0
453,F,2475.988965,30753.448,9000,25116.05724,1
454,F,50.78428828,409.2,4000,637.5492006,0.2
455,M,3802.164601,2025.782,7500,7206.481306,0
456,M,2606.522985,1845.877,6500,690.9705729,0
457,F,8021.487046,12842.104,16000,9957.59596,0
458,M,1713.730893,2303.818,4500,606.1325826,0
459,F,2040.143064,452.518,2500,1336.424866,0
460,F,9.65277219,109.109,4000,223.2510481,0.166667
461,F,358.5247073,577.5,2500,3557.760667,0
462,M,6005.537366,2151.666,11500,1691.977924,0
463,F,276.8613219,1925.561,3500,2036.083298,0.25
464,M,2928.09107,424.732,4000,4064.192288,0
465,F,767.758428,688.006,7500,707.6554543,0
466,M,2661.194882,1059.443,7000,530.3130365,0
467,M,206.7232413,2212.991,2100,3384.873117,0.8
468,F,6117.648216,109.45,8000,1886.969528,0
469,F,96.63682436,1192.499,8000,1581.341978,0.714286
470,M,4257.481205,227.7,8500,1621.440545,0
471,F,1188.502784,1933.217,5000,1345.582836,0
472,F,7372.474047,4221.349,9500,16169.9111,0
473,F,2167.037446,129.327,8000,5968.010903,0.1
474,M,35.06789715,1345.751,6000,1191.301979,0.8
475,F,5635.371101,1881.264,6000,1461.559893,0
476,M,862.6129284,9100.498,7000,7149.528378,1
477,F,2292.534619,681.923,4000,520.1731632,0
478,F,17.08028315,209,4000,305.7398002,0.5
479,F,3824.464172,8448.088,11500,2486.752305,0
480,M,1077.889166,10708.093,8500,7914.149469,0.083333
481,F,5136.392107,9243.487,13000,9147.459936,0.25
482,M,9.40701673,130.46,3300,121.7578416,0.1
483,M,3003.459622,12322.299,7500,7814.142723,0.083333
484,F,1572.132233,873.972,1750,1123.67089,0
485,M,513.7674978,1874.642,1500,641.4803656,0.125
486,M,1637.373907,1148.873,5000,1105.993724,0
487,M,2494.56067,4016.749,4500,7271.851856,0.083333
488,M,510.8525919,7125.36,7500,6555.01477,0.833333
489,F,287.7730744,1127.533,2800,1211.371618,0.083333
490,M,76.58846917,519.981,16000,601.2591373,0
491,F,2083.957049,806.685,3000,6948.939574,0.090909
492,M,4496.86702,3355.792,11500,19731.65346,0.166667
493,M,65.98808804,661.485,7000,683.0942751,0.25
494,F,171.8298201,1941.346,10000,1610.929504,1
495,F,275.06121,2587.42,6500,2494.87341,0.25
496,M,278.5088843,4265.635,12500,3349.31384,1
497,M,14497.03119,6553.987,15000,7225.145214,0
498,M,1741.300063,6566.263,16500,6753.185486,0.25
499,M,1624.397199,16065.357,15500,15903.29779,1
500,F,6214.981666,476.993,7000,1465.681598,0
501,M,5722.595042,3069.836,14000,1652.536332,0
502,F,352.2063722,628.452,4000,4782.707154,0.454545
503,M,1106.775007,309.375,1200,572.18426,0
504,F,2515.079894,1872.09,3000,692.2370585,0
505,M,8509.399187,15766.212,16000,6530.567998,0
506,F,65.79660794,539.66,18000,1182.655607,1
507,F,1774.368664,9208.309,3800,9087.707107,0.25
508,M,526.4677359,5007.684,5000,5703.177953,1
509,F,15.78800993,222.2,2000,185.7271866,0
510,F,3667.392481,6633.374,7000,15929.08952,0.090909
511,F,29.02814303,417.23,2500,512.9488893,0.181818
512,F,2755.694322,2064.964,8500,4427.727255,0.083333
513,M,382.7130037,4027.067,7500,4261.8183,0.666667
514,F,1056.313861,2509.716,20000,2033.631916,0
515,F,2514.261062,2111.626,6000,6694.101576,0
516,M,25.77979502,753.588,13000,846.3726419,0.25
517,M,1502.845388,398.343,1200,472.754839,0
518,M,1.863121804,88,1500,0,0
519,F,346.1609374,4073.696,7500,3199.273321,0.916667
520,F,10207.49047,13915,10500,7366.004432,0
521,F,2095.217066,251.185,4000,2317.224893,0
522,M,718.0165862,2166.164,12000,1832.890966,0
523,M,1266.388623,586.696,1200,590.5647261,0
524,M,286.8230064,2092.134,4500,1747.295445,0
525,F,1034.997623,6161.694,7500,4627.623707,0.166667
526,M,861.9943288,178.816,1000,203.4610621,0
527,F,7722.586129,72.952,9000,10016.61307,0
528,F,5223.730978,398.596,8000,636.9688707,0
529,F,2889.891739,899.822,3000,4394.010091,0.083333
530,M,251.1368415,1414.82,4000,1373.310468,0
531,M,3698.604275,1980,6000,2313.934681,0
532,M,151.6552767,1244.188,18000,1235.545083,0.25
533,F,1850.929413,91.685,4000,267.5781852,0
534,M,1946.033868,376.277,3000,3486.777001,0
535,F,229.8544647,2227.5,6000,2241.422944,0.5
536,F,302.5865366,3903.504,20000,3808.194939,1
537,F,432.9313936,1856.019,11500,1522.43099,0.166667
538,M,997.35182,254.485,1000,164.2210626,0
539,F,517.2090687,2669.986,5000,1576.25988,0.333333
540,F,752.3332229,637.208,1200,577.5336931,0
541,F,1385.719104,462.033,6600,1247.473186,0
542,F,6544.740456,361.812,10000,638.4934938,0
543,M,4599.253111,461.604,4200,482.0878685,0
544,F,242.5381,3593.733,6000,2912.700379,1
545,F,1091.722154,323.543,1500,734.1755047,0
546,M,3224.692894,189.112,4500,826.3205997,0
547,F,945.3455224,2432.067,9500,2844.753847,0
548,M,426.4026974,1352.527,2700,1173.683719,0
549,F,2475.498024,70.4,2800,342.1312025,0
550,F,14587.24896,10637.924,17500,23677.86055,0.083333
551,M,1891.887795,8190.798,10000,9810.808991,0.333333
552,M,775.5352256,413.127,6000,797.1780821,0
553,M,406.2230873,5751.196,3000,5047.669937,0.454545
554,F,95.28532067,320.815,8000,346.3497296,0.083333
555,F,787.600278,1525.04,1500,223.5787931,0
556,M,3638.54766,1437.876,5000,1486.370097,0
557,F,1048.435604,85.789,1200,525.9858436,0
558,F,2293.522027,947.969,6000,7053.010853,0.083333
559,M,16.36177577,71.5,3000,20.28535358,0
560,M,2760.204044,878.174,4500,761.972536,0
561,M,12573.43921,444.664,14500,3341.88973,0
562,F,1390.025843,9702.737,6500,3936.457377,0
563,F,6409.644282,8349.088,10000,2222.846068,0
564,M,1490.96638,1775.114,1500,1371.327041,0
565,M,131.2218293,1336.214,11000,1029.262528,0.75
566,M,629.488369,854.579,1500,519.4205903,0
567,M,463.5235353,4809.002,20000,3301.190774,0.583333
568,F,2828.617401,1813.383,6500,1492.706169,0
569,F,87.60781805,1235.938,1500,3090.269278,0
570,F,1379.907553,629.101,2100,2631.036243,0
571,M,77.56316179,1188.121,9000,1091.168664,1
572,F,1598.918033,824.527,6000,580.0551101,0
573,F,1623.576636,968.209,1500,1303.155144,0
574,M,1362.981838,706.563,9000,338.2725082,0
575,M,1374.450079,979.22,3000,274.4866352,0
576,M,1269.830823,1978.064,1500,1314.546466,0
577,M,1653.994419,2992.748,5000,2889.459126,0
578,M,3355.859609,4553.516,9000,1467.842808,0
579,F,3292.30114,1254,3650,2577.856329,0
580,M,3853.9336,186.208,6000,1470.687597,0
581,F,3917.119947,202.07,10500,948.5866763,0
582,M,2677.384041,1554.036,5000,7075.925423,0
583,F,736.2099519,2129.611,2000,1673.738766,0
584,M,715.3578829,2734.71,4000,1039.091967,0
585,M,22.60573987,876.216,4000,893.5371447,0.636364
586,F,5957.389304,788.898,7000,1405.145429,0
587,M,57.68010996,861.168,3000,3186.892709,0
588,M,60.25873839,286,5500,281.3659919,0
589,M,2407.402273,4423.419,5000,2799.473632,0
590,F,2044.573094,553.795,10500,666.9617178,0
591,F,400.0964038,4873.187,8500,4250.025846,1
592,F,1937.995885,1026.85,3000,428.3084518,0
593,F,1169.692111,1280.323,5000,0,0
594,M,1710.800987,194.953,2500,1052.548948,0
595,M,1579.356648,311.96,5000,456.7032365,0
596,F,3721.004334,10775.908,19000,11557.99324,0.333333
597,M,768.3167904,2320.571,6500,4585.641617,0.181818
598,F,3978.539032,1458.93,4500,1398.180975,0
599,F,9652.771332,3748.459,9500,0,0
600,F,301.1719227,1984.499,7500,1820.500296,0.181818
601,M,81.36836276,834.141,6000,540.3675446,0.416667
602,M,13.89138175,133.65,4000,142.8695991,0
603,F,891.2526844,99.429,1500,254.6323948,0
604,F,2345.816491,824.23,8500,2553.444098,0
605,F,10.60374281,203.412,4000,172.5467302,0.545455
606,M,1503.878191,77,1500,1044.123039,0
607,M,1695.79289,241.186,2500,528.9668583,0
608,M,657.649916,295.548,1200,1471.949335,0.166667
609,M,180.4427001,2064.48,5000,1786.810801,1
610,M,1819.274271,501.336,1700,852.4117289,0
611,M,25.87893779,572.55,4000,555.4344873,0.454545
612,M,729.3605548,9370.922,17500,6386.698554,0.833333
613,M,85.68653269,854.744,7500,705.3668822,0
614,M,1715.983001,4954.675,8500,282.527032,0
615,M,207.9981079,2607.011,4200,1779.624033,0.833333
616,F,154.3124988,568.854,3000,354.8888742,0
617,F,4305.891534,886.6,8000,830.9638473,0
618,M,2629.627607,636.526,9500,2987.933403,0
619,F,3177.921767,191.059,5000,5341.054671,0
620,F,1755.591354,82.478,1800,590.5557326,0
621,F,4.910452715,66.264,4000,513.3542634,0.5
622,F,2600.086574,1650,4600,906.174383,0
623,M,1808.000109,2508.638,1800,2434.251172,0
624,M,610.3782362,1268.113,7000,0,0
625,M,1105.702228,204.721,3000,652.6102128,0
626,F,1272.172972,98.89,7000,348.4559345,0
627,M,1312.936683,243.771,1700,369.870806,0
628,F,506.7206746,5245.097,2500,1873.643642,0.454545
629,M,1855.072961,95.37,2000,494.0095006,0
630,F,4006.415119,1278.893,7500,1503.053955,0
631,F,944.81186,1075.118,3350,598.3527325,0
632,M,220.8899134,1647.602,3500,327.35127,0.090909
633,F,4453.174084,399.3,5500,1194.339058,0
634,F,1517.055426,385,4000,0,0
635,M,1302.301011,1637.68,2000,583.930574,0
636,M,1498.329274,1091.475,4500,3084.400077,0
637,M,931.4449639,1417.262,1500,955.7921284,0
638,M,126.4326254,1212.992,4000,1161.817033,0.833333
639,F,173.3755904,590.348,1000,277.4709256,0.090909
640,F,220.750998,2379.432,4000,0,0
641,F,7568.962641,5716.942,13000,13631.02578,0.2
642,F,4859.47968,651.024,17000,5665.169003,0
643,M,2119.493844,1969.704,10500,9702.232548,0
644,F,1229.49016,423.5,5000,0,0
645,M,68.42291252,522.5,1500,402.7450903,0.9
646,M,176.406384,1502.93,2000,3511.283926,0.4
647,F,1182.835369,84.634,1500,238.8630516,0
648,M,12173.76308,2339.37,15000,2368.645851,0
649,M,980.6258942,110,1200,0,0
650,F,4574.001128,13807.145,17000,34215.01777,0.416667
651,M,2149.739775,220,8000,519.647951,0
652,F,10423.57372,2410.045,11500,2754.154753,0
653,M,2271.457056,3185.655,13500,1294.193544,0
654,F,1481.296871,2189.891,5000,0,0
655,F,0,219.868,4000,0,0
656,F,285.304935,5409.228,13500,3652.466495,0.375
657,F,1999.461052,1457.797,4000,716.4739897,0
658,M,1068.481286,1593.449,1200,2994.398713,0.083333
659,M,1006.282789,936.848,1500,1649.254973,0
660,M,11638.29573,509.3,12500,2933.63847,0
661,F,1182.290256,846.274,7000,0,0
662,F,2197.429599,414.81,2600,0,0
663,F,1467.994179,858.154,9000,5717.758398,0.285714
664,M,2911.747316,3828.264,12500,3889.023827,0
665,F,2015.445688,2743.037,3000,868.6635009,0
666,M,1784.867468,356.73,5000,0,0
667,M,43.15120513,489.456,3000,420.3549506,1
668,M,729.5234407,165,6000,0,0
669,F,6564.89075,275.352,7000,0,0
670,F,1796.026779,98.626,2000,348.4230322,0
671,M,20.81796893,328.944,7500,320.8917235,0.916667
672,M,3696.410915,1139.809,7300,1595.32539,0
673,F,986.8987039,5588.935,8000,181.7547566,0
674,F,1064.112626,610.335,2100,2038.167906,0
675,M,8396.556239,5668.608,11500,4392.499475,0
676,F,238.5830008,2879.635,1800,1685.77066,0.7
677,F,1488.443203,788.678,1600,1344.623235,0
678,F,324.4868739,4613.301,3000,3955.476173,1
679,M,2767.062523,1062.424,4300,719.6692941,0
680,M,4087.460655,8356.799,6500,0,0
681,F,3066.48397,396.33,11500,3217.632838,0
682,F,239.7915239,1949.805,1200,713.2284261,0.083333
683,M,136.8648734,2035.341,14000,1865.123021,0.636364
684,M,3183.666851,93.115,8000,951.5737546,0
685,M,12.06843624,245.85,17500,198.1591754,0
686,M,6498.912857,448.646,12500,5213.129948,0
687,F,52.02395788,347.028,1000,210.0002513,0
688,M,361.8074393,343.959,7500,817.7096842,0
689,M,5327.697732,1353.088,6500,2624.792932,0
690,M,83.34600551,771.584,6000,0,0
691,M,1531.240672,332.2,2000,842.9418714,0
692,M,1010.864001,383.768,1200,356.9318955,0
693,F,903.1582241,3732.575,9000,2810.594087,0
694,F,7701.821404,226.479,9500,2197.760397,0
695,M,26.18575792,229.9,1500,304.8666393,0.75
696,M,30.77120535,1156.672,4600,4952.800573,0
697,M,974.1432075,278.707,1200,507.6383312,0
698,M,3.110941971,222.992,4500,34.64589285,0
699,F,6573.127628,6969.215,11000,2884.132992,0
700,F,484.7974936,2703.228,7000,2981.837309,0.25
701,M,592.5711095,5386.59,2500,5164.56217,1
702,F,1780.803031,745.8,2000,951.5958558,0
703,F,171.2634751,1877.986,3300,0,0
704,F,57.30712485,1059.685,14000,956.834527,0.7
705,M,191.4759737,2794.99,5000,2407.680492,1
706,M,689.8469277,1626.196,1200,1317.854356,0
707,M,831.8043356,619.729,900,0,0
708,F,3093.424159,1071.73,3000,1504.659922,0
709,M,1868.591409,618.211,1800,1893.726435,0
710,F,358.4416855,59.18,2500,471.2538314,0
711,F,1270.260649,1224.41,6500,4044.62066,0
712,M,394.9958663,8099.718,4500,11014.67565,1
713,M,13509.25856,463.265,17000,3835.232711,0
714,F,96.60638225,623.073,9000,78.99395236,0
715,M,2241.572819,19150.131,19500,20770.3855,0.333333
716,M,2286.89253,1295.404,3000,1415.063914,0
717,F,432.1934428,1110.384,4000,1330.272192,0
718,M,1761.634653,220,2000,830.5495532,0
719,M,47.50022468,810.392,4500,1741.725043,1
720,F,38.25417941,174.207,3000,2334.444716,0
721,M,1466.920894,567.6,1500,727.6066819,0
722,M,366.9301386,276.584,6000,0,0
723,F,1642.154997,2322.078,1700,651.1982695,0
724,F,1574.834153,4237.607,6000,3391.60806,0.272727
725,M,1183.773126,297,1200,359.2195598,0
726,M,4037.315848,1361.932,6000,1156.932818,0
727,F,15.37495016,338.976,2500,304.795579,0
728,F,438.5632323,1999.624,6000,0,0
729,F,206.228842,1100,1500,1022.152372,0.090909
730,M,878.466093,3530.054,10000,2700.085058,0
731,M,1232.487559,975.007,1800,2775.227252,0
732,M,1982.820459,501.292,3000,519.3132774,0
733,M,70.23146089,824.89,1500,756.0219048,0.777778
734,F,3111.593947,610.5,3000,1383.048339,0
735,M,2462.513403,1203.323,2900,575.6195188,0
736,F,166.9140469,1931.336,2500,1684.094094,0.916667
737,M,2761.62573,912.065,3000,1372.702806,0
738,M,4254.950014,595.848,8500,0,0
739,M,3234.507321,29240.574,28000,28971.47239,0.875
740,F,3896.685109,1659.394,8500,0,0
741,F,591.9437214,108.9,1000,404.3186362,0
742,F,1829.207011,1688.478,4000,923.4335439,0
743,M,1219.664244,83.93,1200,492.1153452,0
744,F,318.7666261,4319.832,5500,3633.221818,0.333333
745,F,905.6528339,1634.941,1800,0,0
746,M,5057.574717,478.654,7000,1503.373677,0
747,M,30.01878822,308.385,4000,0,0
748,M,1478.759239,404.734,1500,705.860095,0
749,M,106.6497106,200.2,1500,176.182355,0.083333
750,M,1338.859987,1850.266,13000,7144.728213,0
751,F,369.7965831,3377.495,18500,3852.913974,1
752,M,2867.714611,539.231,6000,5860.247441,0
753,F,2705.753787,2416.931,4000,0,0
754,F,1027.213907,187,1200,227.2575634,0
755,M,153.9410766,1987.667,3500,1512.374304,1
756,F,1643.256656,2873.31,6500,1214.306409,0
757,M,1452.277658,1307.658,6500,2877.368241,0.166667
758,M,2718.339163,808.599,10500,5849.542393,0
759,M,1171.14289,1686.608,1200,3683.694223,0
760,F,1348.925014,488.389,3500,282.1483065,0
761,F,10.03641914,106.282,4500,1125.885177,0.25
762,F,2769.608312,177.012,3000,1135.390705,0
763,F,1516.903022,1031.756,1500,1148.913845,0
764,M,1728.255023,792.198,5000,0,0
765,F,79.54306393,75.9,4500,441.4754875,0
766,M,3397.189372,71.302,4150,945.881879,0
767,M,229.1079142,2921.589,3600,3416.141768,0.727273
768,F,45.17303279,907.5,2500,861.251635,0.727273
769,F,3395.723655,1961.927,8000,5975.412945,0
770,M,93.85545825,1201.849,18000,1425.140395,0.090909
771,M,1191.847386,4305.565,9500,4063.679789,0.083333
772,F,3498.638218,867.394,4200,2160.448425,0
773,M,13090.05615,913.165,11000,15417.72403,0
774,F,402.6486252,1141.602,6500,1388.597825,0.1
775,M,1639.808711,796.015,8500,0,0
776,F,635.784007,2746.227,3000,1130.847045,0
777,M,262.5379329,3367.386,6000,3350.023141,0.454545
778,F,389.2651723,1306.8,9000,2516.523072,0
779,F,443.0157749,337.821,1500,493.846334,0
780,F,110.2889588,1505.768,4500,468.3476728,1
781,F,2614.667777,228.448,3000,1366.005845,0
782,M,51.33098166,566.467,5500,343.3920905,0.25
783,F,289.8426484,2850.045,10000,3355.405865,0.875
784,M,1240.708107,94.512,1200,0,0
785,M,6198.473425,497.849,7500,4636.011517,0
786,M,5119.016589,137.5,5000,981.9001907,0
787,F,1058.986183,130.9,1200,336.3785561,0
788,M,344.3275258,1711.226,3500,1153.756053,0
789,F,7379.704729,143.44,10200,0,0
790,F,74.09055998,807.807,10500,772.2347416,0.75
791,F,31.04940092,321.849,5000,0,0
792,M,150.7521089,1146.772,6000,3030.140614,0.5
793,M,1774.748943,2950.475,4500,1927.043441,0
794,M,1833.187117,308,1800,591.8960568,0
795,M,5032.959249,1432.607,6000,1627.696507,0
796,M,524.351532,99,7000,427.3942718,0
797,F,67.87462021,809.259,3000,1344.370664,1
798,F,1361.288547,6663.833,4000,7087.517272,0
799,F,252.0572193,825.055,14000,1246.206102,0
800,M,57.36053523,549.912,3000,465.9687457,0.416667
801,F,37.65336966,282.15,1200,156.8813244,0.166667
802,F,47.17550443,253.165,1600,0,0
803,F,222.9252369,2152.48,10000,1893.193126,1
804,M,8636.373393,4090.9,15500,27581.45689,0.083333
805,F,163.1352199,5175.478,4500,4161.492819,0.833333
806,M,1670.771614,66,1800,382.5961363,0
807,F,5824.211894,352.088,7000,1750.367336,0
808,M,834.650803,73.37,1000,434.8672745,0
809,M,2904.866009,143,4500,586.4765035,0
810,F,6.487317587,78.54,2000,23.33775916,0
811,M,1625.694654,313.995,3000,448.3214026,0
812,M,4032.759318,285.824,7500,1081.368306,0
813,M,1015.070557,165,1000,257.3662576,0
814,F,63.48172007,672.441,1500,516.9241384,0.916667
815,F,958.6567139,169.356,8500,1813.603345,0.090909
816,M,42.82331822,499.279,6500,810.1537772,1
817,F,15.07205605,146.3,1200,801.4703887,0
818,M,198.0518773,1753.4,4500,1705.440073,0.090909
819,F,3611.126044,1022.989,6500,885.2997036,0
820,F,42.95016751,474.639,1500,787.2534067,0
821,F,373.2716492,1084.369,3000,889.9245402,0
822,M,90.60274131,1025.178,7500,902.306346,0.416667
823,F,52.15266653,713.064,2000,778.9903134,0.363636
824,F,4125.966318,1933.184,4500,1822.582136,0
825,F,1831.124225,1509.827,5500,3508.611007,0
826,M,77.62475025,732.05,4000,1334.472037,0.5
827,F,5116.510947,749.067,8500,1168.042844,0
828,M,7.145560089,72.325,4000,184.4025419,0.571429
829,M,1143.465113,344.322,1500,1852.053421,0
830,F,2910.946886,1274.108,7500,735.6586167,0
831,F,1472.597748,124.333,3000,2894.344644,0
832,F,6.142180094,188.1,4000,518.3891368,0
833,M,3771.533756,2480.61,3500,1899.694325,0
834,M,5288.156754,985.798,7000,3818.524541,0
835,F,33.01582203,510.961,3000,491.0375047,0.777778
836,M,162.2340567,1318.02,7000,1174.768224,0.416667
837,M,2942.3237,2157.958,6000,5883.186049,0
838,M,2337.345649,99,3500,532.205429,0
839,M,503.6309679,480.414,3500,465.4389587,0
840,F,741.0404012,323.4,3500,1608.686219,0.1
841,F,731.0324023,369.589,7500,2298.427997,0.25
842,F,8717.307774,421.762,11000,2156.525617,0
843,F,264.9871102,226.985,1000,734.0811695,0
844,F,299.1126491,127.798,1000,1201.722794,0.083333
845,F,4782.813518,329.934,6000,6631.954065,0
846,M,409.7064837,400.4,5000,1068.767111,0
847,M,97.46610719,1121.274,5000,1039.905327,1
848,F,0.510732891,133.1,13000,224.8443727,0.1
849,M,280.2664911,3404.467,14500,2447.957762,0.666667
850,F,1340.887836,236.5,8500,571.6005772,0
851,M,2672.475289,3190,2900,0,0
852,M,693.3001069,1220.483,7500,3363.051604,0
853,M,761.3171701,88.33,1950,223.7886324,0
854,M,2155.922528,3607.527,5000,1301.039337,0
855,F,734.4842139,4155.349,4000,5554.639384,0.090909
856,M,25.1669746,125.4,1200,317.5515231,0
857,M,21.27482397,319.396,10000,279.6394689,0.727273
858,F,930.9602929,142.945,1500,1615.576544,0.083333
859,M,3200.358381,1412.015,5500,2161.408742,0
860,F,726.7056615,3786.288,7000,2880.909504,0.25
861,F,2954.034155,1538.955,7500,1199.859378,0
862,M,1686.215665,512.798,1500,477.2505576,0
863,M,4687.313414,209,5000,1196.610708,0
864,F,1227.00605,1401.994,4500,1407.029947,0
865,M,129.9766186,649,2500,1481.45514,0
866,F,2095.801916,132,2100,453.1379177,0
867,F,5696.315436,506.627,9500,1188.858069,0
868,F,1910.386798,994.73,1700,1342.219299,0
869,F,4646.5478,2304.489,7600,3429.7504,0
870,M,801.7101261,7805.996,7500,6596.105073,1
871,M,790.4564675,3146.352,4500,2182.038165,0
872,F,688.9978008,1441.924,2500,1360.888333,0
873,F,39.91653886,509.652,6500,472.0983141,0.714286
874,M,2046.154748,817.718,2100,974.5569182,0
875,F,31.38969879,2731.586,10000,30329.38185,0
876,M,69.16103529,1019.81,1500,911.9086399,1
877,F,24.24119292,1046.21,6000,871.1534893,0
878,F,260.1742592,308.275,2500,178.7902622,0
879,F,232.36348,2026.563,3000,1566.994222,0.333333
880,F,6.991265439,159.511,3000,159.8438038,0.142857
881,M,494.071207,2503.567,3000,1678.193424,0.166667
882,F,3134.337466,392.04,3500,864.7505467,0
883,M,21.07433126,268.62,4000,579.3815457,0
884,F,73.58573977,660,6000,1353.666283,1
885,M,1207.872226,383.658,1200,411.7461286,0
886,F,1142.892623,383.317,1200,683.4786055,0
887,M,326.8838387,1121.34,1000,217.5132169,0.25
888,F,5811.717192,225.533,14000,1618.866839,0
889,M,340.3739965,1608.618,2500,1978.468346,0.083333
890,M,78.81178115,559.416,7000,1995.238762,0
891,M,241.751349,2647.447,10000,2195.197824,1
892,F,122.1244065,1322.75,2500,1613.99158,0.833333
893,F,911.0785734,146.641,1000,515.7050955,0
894,M,1904.79045,396,5000,4736.975398,0.1
895,F,191.8362514,2278.705,9000,1521.8999,1
896,M,222.8831626,545.6,2500,698.1847557,0.083333
897,F,5.077203243,65.637,3000,56.58260923,0
898,F,29.70246036,233.838,1500,306.5794438,0.2
899,M,2074.454616,1316.92,4500,1741.68461,0
900,M,1907.213103,25021.491,18000,24190.43474,1
901,M,44.13154676,587.686,7000,3359.899913,0.666667
902,F,1159.225295,5860.371,6000,8872.32296,0.9
903,M,8774.556546,1356.938,13000,5269.704364,0
904,M,80.44799281,1059.971,3500,1109.052019,0.2
905,F,944.0273466,2240.964,3500,449.0506335,0.125
906,M,182.5090472,1297.23,7500,803.0123257,0.714286
907,F,702.2427129,2238.819,9500,6966.459468,0
908,F,3508.952971,743.6,10000,792.828521,0
909,F,46.98064067,528.297,2500,655.8791964,1
910,F,5148.279681,2328.755,7000,1666.134279,0
911,M,40.22402388,475.255,10000,1175.169441,0
912,F,243.2825518,1593.614,5000,1383.992971,0
913,M,1313.415416,588.423,1500,619.6171693,0
914,M,2328.100295,239.8,6500,479.5542563,0
915,F,2954.928851,361.471,7000,4387.115401,0.083333
916,M,101.3932343,1014.002,1200,4246.200661,0
917,F,4.736993108,83.6,1500,311.3939572,0
918,F,145.280161,2094.026,9000,1896.330249,1
919,M,244.0331992,2581.634,4500,1831.960617,0.875
920,M,3677.448604,1147.3,6000,1231.99248,0
921,M,2.730792151,355.278,9500,1194.502591,0
922,M,6044.061389,3018.026,10500,1128.723562,0
923,F,583.0477508,7181.515,12000,5866.674056,1
924,F,5.432419576,97.867,2720,605.5554593,1
925,M,30.99588474,342.155,6000,341.4936869,1
926,F,43.55999705,758.34,10000,736.9796712,1
927,F,5.364883614,289.476,6000,355.51497,0.2
928,F,234.8292897,2274.965,4000,2192.472807,0.833333
929,M,3777.295954,2044.57,9000,5970.622363,0
930,M,327.02191,3791.656,10500,3404.406119,1
931,F,2345.805551,1213.85,8500,575.9497821,0
932,F,1.115390735,95.722,15500,0,0
933,F,939.3571268,642.84,1200,612.4171322,0
934,F,1577.947611,1036.442,2200,3078.700497,0
935,M,54.11432648,434.555,5500,570.9128625,0.111111
936,F,60.19932499,482.68,1500,331.4734017,0.75
937,F,11.19348793,94.05,1500,380.5613715,0
938,M,1402.045739,766.293,1800,591.8848161,0
939,M,576.3481533,3089.02,7000,2934.714361,0.583333
940,F,1044.923585,1784.453,2500,991.2596338,0
941,F,4874.812319,3202.122,6000,1911.277733,0
942,F,10.94618663,198.55,4000,277.965557,0.75
943,M,1010.269027,3234,3500,1345.785054,0.3
944,F,1123.05128,1641.431,7000,1415.765198,0
945,M,3472.522703,2677.95,9000,6666.806164,0
946,M,47.12963822,478.192,4500,1070.428791,1
947,F,628.5834175,196.713,1200,97.19222223,0
948,M,1098.047623,250.305,2500,405.3927545,0
949,M,73.86966362,646.855,9000,737.2648528,0
950,F,2240.873023,2942.5,2500,5049.148705,0.083333
951,M,3856.463209,44044.781,18000,36151.708,1
952,F,127.4924037,1372.525,5000,2107.74383,0.5
953,M,23.14236834,268.4,7000,409.966211,0.333333
954,F,19.15968137,64.9,1200,138.3040649,0
955,F,328.6417082,4838.185,16500,3787.478092,0.916667
956,F,6422.03914,1632.29,14500,2435.805896,0
957,M,12.43857914,138.6,3000,155.3663467,0.333333
958,F,169.008146,1054.35,16000,3385.185442,1
959,F,689.4052781,165,2500,267.958961,0
960,F,13.46009002,5777.244,7350,3708.969515,0.083333
961,M,2612.85184,3853.289,7000,4203.120365,0
962,M,27.34160722,254.1,5000,162.0690626,0.181818
963,M,194.2537213,2635.468,5000,2208.61923,0.75
964,M,12.5327568,132,4500,298.5420305,1
965,M,1563.485288,616.825,2500,557.0924632,0
966,F,1744.881279,791.736,1800,684.7847215,0
967,M,782.150682,4704.579,7500,4512.551262,0.083333
968,M,158.1437152,1044.549,4000,997.953747,0.1
969,F,1365.428749,2828.628,2500,2986.300699,0
970,M,43.84097904,540.573,2100,690.5152874,1
971,F,192.2874955,626.648,4000,288.9253838,0
972,M,3.294077349,633.6,1000,476.5481179,0
973,M,4936.447048,603.779,8500,7084.256369,0
974,M,1580.367511,242.759,2000,385.8008333,0
975,F,87.58951441,346.5,300,1056.977795,0
976,M,235.3176248,721.534,10500,967.7256476,0
977,F,552.5261965,4918.969,14500,4476.151103,0.833333
978,F,360.0078442,4784.274,5000,4389.114004,1
979,F,5360.536188,3037.551,11000,1890.504442,0
980,F,1649.616865,1504.8,3500,663.9876002,0
981,F,2191.277855,5029.893,6500,1794.675131,0
982,F,4590.740989,368.5,6000,6283.244852,0.083333
983,F,130.2736079,1265.858,14500,992.0123238,0.9
984,F,4325.506071,769.384,4000,1013.608244,0
985,M,2678.891643,300.3,7500,5048.617462,0
986,M,28.7549568,242.55,3750,1223.718109,0
987,F,384.3054099,2440.086,4500,2030.801789,0
988,F,5387.878054,1232.319,6000,1922.408864,0
989,F,274.8041693,2137.41,1800,4742.711327,0.333333
990,M,2830.909717,723.481,3500,3242.751637,0
991,M,14.7599116,348.601,11000,338.05221,1
992,M,568.7745698,6599.945,16000,7425.079578,1
993,M,343.5141544,3963.553,6000,5111.855277,1
994,M,3683.934904,6675.702,7500,4760.615163,0
995,F,1064.415743,499.631,1000,427.5781248,0
996,F,275.1522368,3628.405,16000,3362.644989,0.75
997,F,62.86262505,938.784,11500,755.7808021,0
998,M,2338.734371,3645.015,8500,906.2878062,0
999,F,50.55473452,609.103,13000,356.0230773,0.545455
1000,F,2094.304957,2858.394,9000,1122.282313,0
